{"cameraMode":{"drawMode":0,"name":"Shaded","section":"Shading Mode"},"sceneLighting":true,"audioPlay":false,"sceneViewState":{"showFog":true,"showMaterialUpdate":false,"showSkybox":true,"showFlares":true,"showImageEffects":true,"showParticleSystems":true},"in2DMode":false,"pivot":{"x":-5.960464477539063e-8,"y":3.530083656311035,"z":-0.00440157949924469},"rotation":{"x":0.13579906523227693,"y":-0.06326086074113846,"z":0.008689209818840027,"w":0.9886792898178101},"size":2.21099591255188,"orthographic":true}