{"cameraMode":{"drawMode":0,"name":"Shaded","section":"Shading Mode"},"sceneLighting":true,"audioPlay":false,"sceneViewState":{"showFog":true,"showMaterialUpdate":false,"showSkybox":true,"showFlares":true,"showImageEffects":true,"showParticleSystems":true},"in2DMode":false,"pivot":{"x":0.39244121313095095,"y":0.494989275932312,"z":1.8384103775024415},"rotation":{"x":-0.020166905596852304,"y":0.9798295497894287,"z":-0.1420789361000061,"w":-0.1390787959098816},"size":2.168510675430298,"orthographic":false}