{"cameraMode":{"drawMode":0,"name":"Shaded","section":"Shading Mode"},"sceneLighting":false,"audioPlay":false,"sceneViewState":{"showFog":true,"showMaterialUpdate":false,"showSkybox":false,"showFlares":true,"showImageEffects":true,"showParticleSystems":true},"in2DMode":false,"pivot":{"x":0.23330000042915345,"y":0.5169634819030762,"z":2.0906100273132326},"rotation":{"x":0.1739947348833084,"y":-0.2617795765399933,"z":0.04804186895489693,"w":0.9480985999107361},"size":0.8811599016189575,"orthographic":true}