{"cameraMode":{"drawMode":0,"name":"Shaded","section":"Shading Mode"},"sceneLighting":true,"audioPlay":false,"sceneViewState":{"showFog":true,"showMaterialUpdate":false,"showSkybox":true,"showFlares":true,"showImageEffects":true,"showParticleSystems":true},"in2DMode":false,"pivot":{"x":-0.31729239225387576,"y":1.0625,"z":-0.7163976430892944},"rotation":{"x":0.1739947348833084,"y":-0.2617795765399933,"z":0.04804186895489693,"w":0.9480985999107361},"size":8.433258056640625,"orthographic":true}